"","City","year","Population","propertyCrime","UnemploymentRate"
"1","Campbell",2012,44145.7403581282,1468.38774104697,8.5527341597799
"2","Campbell",2013,45041.9183619427,1496.69098325932,8.95187274846398
"3","Campbell",2014,45938.0963657573,1524.99422547167,9.35101133714807
"4","Campbell",2015,46834.2743695718,1553.29746768403,9.75014992583203
"5","Campbell",2016,47730.4523733864,1581.60070989638,10.1492885145161
