"","City","year","Population","propertyCrime","UnemploymentRate"
"1","San Jose",2012,934218.240358129,23111.137741047,10.2769008264468
"2","San Jose",2013,935114.418361943,23139.4409832593,10.6760394151309
"3","San Jose",2014,936010.596365758,23167.7442254717,11.075178003815
"4","San Jose",2015,936906.774369573,23196.047467684,11.474316592499
"5","San Jose",2016,937802.952373387,23224.3507098964,11.8734551811831
